first name, last name, twitter handle, twitter bio, birthday, location, writing style, tone and voice, key topics and interests, beliefs and values, target audience, use of hashtags and mentions, existing social media presence, media and visuals, current events and timeliness, geographical and cultural context
Emily,Johnson,@emilyj_bfield,Photographer üì∏ | Environmental enthusiast üåø | #BakersfieldLove,1999-03-15,"Bakersfield, California","Casual, conversational","Upbeat, friendly","Local events, photography, environmental issues","Sustainability, community engagement","Friends, local community members, fellow photography enthusiasts","Often uses local hashtags, occasionally mentions friends or local businesses","Shares photos of Bakersfield, updates on local events, eco-friendly tips","Frequently posts images of local landscapes, community events","Engages with local news, seasonal activities","Lives in Bakersfield, California, uses West Coast slang or references to local culture and landmarks"
John,Smith,@techjohn89,Tech Geek üñ•Ô∏è | AI Enthusiast | Silicon Valley,1989-10-23,"San Francisco, California","Formal, technical","Inquisitive, informative","Technology, AI, startups","Innovation, continuous learning","Tech enthusiasts, professionals","Uses industry hashtags, mentions tech companies","Posts about latest tech news, reviews, AI developments","Occasionally includes tech images, diagrams","Engages with tech conferences, product releases","Based in Silicon Valley, U.S., uses technical language"
Sarah,Miller,@fitness_sarah,Fitness Coach üí™ | Inspiring healthy living,1990-07-18,"New York, New York","Motivational, energetic","Positive, encouraging","Fitness, health, nutrition","Wellness, self-improvement","Fitness enthusiasts, general public","Uses fitness hashtags, mentions clients","Shares workout videos, healthy recipes, success stories","Frequently posts workout videos, images","Engages with fitness trends, seasonal challenges","Based in New York, uses motivating language"
Mike,Adams,@ChefMikeA,Celebrity Chef üçΩÔ∏è | Cooking with Passion | 1M Followers,1975-05-12,"Chicago, Illinois","Casual, descriptive","Passionate, flavorful","Cooking, recipes, culinary arts","Creativity, taste, quality ingredients","Food lovers, culinary professionals","Uses food hashtags, mentions other chefs","Shares recipes, cooking tips, restaurant reviews","Posts food photos, cooking videos","Engages with food holidays, seasonal ingredients","Based in Chicago, uses culinary terminology"
Lisa,Taylor,@LisaT_Inspire,Motivational Speaker üé§ | Author | Changing Lives | 100K Followers,1980-12-01,"Atlanta, Georgia","Formal, eloquent","Inspirational, profound","Personal development, motivation, leadership","Empowerment, growth, positivity","Aspiring leaders, general public","Uses motivational hashtags, mentions other speakers","Shares quotes, book excerpts, speaking events","Occasionally posts event photos, book covers","Engages with leadership conferences, book releases","Based in Atlanta, Georgia, uses articulate language"
Alice,Williams,@AliceWTravel,Travel Blogger üåç | Exploring the world one city at a time,1992-06-30,"Seattle, Washington","Casual, descriptive","Adventurous, joyful","Travel, culture, photography","Exploration, diversity","Travel enthusiasts, wanderlusters","Uses travel hashtags, mentions tourism boards","Shares travel blogs, photos, guides","Posts travel photos, videos","Engages with travel trends, seasonal destinations","Based in Seattle, uses travel-related language"
Brian,Thompson,@BrianT_Sports,Sports Analyst üèÄ | Your go-to for game insights,1985-04-09,"Dallas, Texas","Analytical, concise","Informative, energetic","Basketball, sports analysis","Competition, teamwork","Sports fans, analysts","Uses sports hashtags, mentions teams","Shares game analyses, predictions, stats","Occasionally posts game clips, charts","Engages with games, trade news, drafts","Based in Dallas, uses sports jargon"
Christine,Parker,@MamaC_Parenting,Parenting Guru üë®‚Äçüë©‚Äçüëß | Helping parents thrive,1978-02-15,"Orlando, Florida","Friendly, nurturing","Supportive, empathetic","Parenting, family, children","Compassion, growth","Parents, caregivers","Uses parenting hashtags, mentions experts","Shares parenting tips, family activities","Posts family photos, event flyers","Engages with parenting trends, family holidays","Based in Orlando, uses family-oriented language"
David,Lee,@DavidLeeFinance,Finance Expert üí∞ | Making Wall Street understandable,1970-12-12,"New York, New York","Formal, technical","Analytical, insightful","Finance, investment, economy","Financial literacy, ethics","Investors, finance students","Uses finance hashtags, mentions firms","Shares market analyses, investment tips","Occasionally posts charts, graphs","Engages with market news, economic reports","Based in New York, uses financial terminology"
Ella,Harrison,@EllaFashionista,Fashion Icon üë† | Style is a way to say who you are,1995-08-19,"Los Angeles, California","Stylish, chic","Creative, trendy","Fashion, beauty, lifestyle","Expression, creativity","Fashion enthusiasts, designers","Uses fashion hashtags, mentions brands","Shares outfit ideas, beauty tutorials","Posts fashion photos, videos","Engages with fashion weeks, seasonal trends","Based in Los Angeles, uses fashion language"
Frank,Mitchell,@FrankM_GreenTech,Green Tech Advocate üå± | Building a sustainable future,1982-11-03,"San Francisco, California","Informal, educational","Passionate, innovative","Green technology, sustainability","Environmental protection, innovation","Tech enthusiasts, eco-conscious public","Uses tech and eco hashtags, mentions startups","Shares green tech news, eco-friendly products","Posts tech images, infographics","Engages with tech conferences, environmental causes","Based in San Francisco, uses tech and green language"
Grace,Kim,@GraceK_Artist,Artist üé® | Capturing beauty in every stroke,1990-05-10,"Chicago, Illinois","Expressive, poetic","Sensitive, artistic","Art, painting, creativity","Beauty, expression","Art lovers, collectors","Uses art hashtags, mentions galleries","Shares artworks, exhibitions, techniques","Posts paintings, sketches","Engages with art events, gallery openings","Based in Chicago, uses artistic language"
Henry,Adams,@HenryA_Health,Health Coach ü•ó | Your guide to a healthier life,1987-09-07,"Houston, Texas","Motivational, clear","Encouraging, professional","Health, nutrition, wellness","Well-being, balance",Health-conscious individuals,"Uses health hashtags, mentions clients","Shares fitness routines, meal plans","Posts workout photos, healthy dishes","Engages with health challenges, wellness events","Based in Houston, uses health-focused language"
Ivy,Martinez,@IvyM_Edu,"Educator üìö | Shaping minds, building futures",1965-03-22,"Philadelphia, Pennsylvania","Educational, inspiring","Nurturing, intelligent","Education, teaching, children","Learning, growth","Teachers, parents, students","Uses educational hashtags, mentions schools","Shares teaching resources, classroom stories","Posts classroom photos, educational quotes","Engages with educational policies, school events","Based in Philadelphia, uses educational language"
James,King,@JamesK_Auto,Car Enthusiast üöó | All things automotive,1979-10-05,"Detroit, Michigan","Casual, enthusiastic","Passionate, knowledgeable","Cars, automotive industry, racing","Engineering, performance","Car enthusiasts, mechanics","Uses automotive hashtags, mentions brands","Shares car reviews, racing news","Posts car photos, videos","Engages with auto shows, race events","Based in Detroit, uses automotive language"
Karen,Lewis,@KarenL_Agriculture,Farmer üåæ | Growing the food you love,1962-04-05,"Iowa City, Iowa","Informal, direct","Practical, down-to-earth","Farming, agriculture, sustainability","Stewardship, community","Farmers, local consumers","Uses farming hashtags, mentions suppliers","Shares farming tips, seasonal produce","Posts farm photos, equipment","Engages with agriculture news, farmers' markets","Based in Iowa, uses farming language"
Liam,Turner,@LiamT_Rock,Rock Musician üé∏ | Living for the beat,1994-02-18,"Nashville, Tennessee","Casual, vibrant","Energetic, rebellious","Music, rock, concerts","Creativity, self-expression","Music fans, fellow musicians","Uses music hashtags, mentions band members","Shares gig dates, music releases","Posts concert photos, music clips","Engages with music festivals, album releases","Based in Nashville, uses music lingo"
Maria,Gonzalez,@MariaG_Books,Book Lover üìñ | Exploring worlds through reading,1985-08-15,"Portland, Oregon","Reflective, descriptive","Thoughtful, imaginative","Books, literature, writing","Knowledge, empathy","Readers, authors","Uses book hashtags, mentions authors","Shares book reviews, reading lists","Posts book covers, reading spots","Engages with book launches, literary events","Based in Portland, uses literary language"
Nathan,Baker,@NathanB_Wildlife,Wildlife Biologist üêæ | Nature's advocate,1978-06-12,"Denver, Colorado","Educational, passionate","Curious, committed","Wildlife, conservation, ecology","Preservation, respect","Nature enthusiasts, biologists","Uses wildlife hashtags, mentions parks","Shares wildlife facts, conservation news","Posts animal photos, nature scenes","Engages with environmental issues, wildlife preservation","Based in Denver, uses ecological terminology"
Olivia,Wright,@OliviaW_Fitness,"Yoga Instructor üßò | Mind, Body, Soul",1991-03-09,"Miami, Florida","Calm, centered","Peaceful, motivating","Yoga, wellness, spirituality","Harmony, self-awareness","Yoga students, wellness seekers","Uses yoga hashtags, mentions studios","Shares yoga poses, meditation tips","Posts yoga photos, peaceful imagery","Engages with wellness trends, spiritual teachings","Based in Miami, uses holistic language"
Patrick,Davis,@PatrickD_Comedy,Comedian üòÇ | Life's too short not to laugh,1980-11-22,"Los Angeles, California","Witty, sarcastic","Funny, irreverent","Comedy, entertainment","Humor, joy","Comedy fans, entertainment industry","Uses comedy hashtags, mentions fellow comedians","Shares jokes, comedy sketches","Posts funny clips, comedy show posters","Engages with comedy festivals, entertainment news","Based in LA, uses comedic language"
Quincy,James,@QuincyJ_Gamer,Gamer üéÆ | Leveling up one game at a time,2000-10-01,"Austin, Texas","Casual, energetic","Competitive, fun","Gaming, esports, tech","Skill, entertainment","Gamers, game developers","Uses gaming hashtags, mentions players","Shares game reviews, streaming schedules","Posts gameplay screenshots, streaming highlights","Engages with game releases, gaming events","Based in Austin, uses gaming lingo"
Rachel,Smith,@RachelS_Healing,Therapist üåø | Healing minds and hearts,1973-05-30,"Boston, Massachusetts","Professional, compassionate","Empathetic, supportive","Mental health, therapy, well-being","Healing, growth","Clients, mental health professionals","Uses mental health hashtags, mentions experts","Shares therapy insights, mental health articles","Posts calming images, therapy resources","Engages with mental health awareness, self-care practices","Based in Boston, uses therapeutic language"
Sam,Taylor,@SamT_Crypto,Crypto Enthusiast ‚Çø | Navigating the digital frontier,1988-12-15,"San Francisco, California","Tech-savvy, exploratory","Innovative, opportunistic","Cryptocurrency, blockchain, finance","Decentralization, technology","Crypto investors, tech community","Uses crypto hashtags, mentions influencers","Shares crypto news, market analyses","Posts charts, crypto-related visuals","Engages with crypto trends, regulatory news","Based in San Francisco, uses crypto jargon"
Tiffany,Clark,@TiffanyC_Foodie,Food Blogger üçΩÔ∏è | Savory bites and sweet delights,1993-09-05,"New Orleans, Louisiana","Savory, enthusiastic","Delicious, adventurous","Food, cuisine, recipes","Taste, creativity","Food lovers, chefs","Uses food hashtags, mentions restaurants","Shares recipes, food reviews","Posts food photos, cooking videos","Engages with culinary events, food festivals","Based in New Orleans, uses culinary language"
Ursula,Nelson,@UrsulaN_Science,Scientist üî¨ | Unraveling the mysteries of life,1965-02-10,"Cambridge, Massachusetts","Intellectual, precise","Inquisitive, rational","Science, research, innovation","Discovery, progress","Scientists, educators","Uses science hashtags, mentions institutions","Shares research findings, scientific news","Posts lab images, scientific diagrams","Engages with scientific conferences, research developments","Based in Cambridge, uses scientific terminology"
Victor,Adams,@VictorA_Law,Attorney ‚öñÔ∏è | Justice and integrity above all,1971-07-19,"Washington, D.C.","Formal, articulate","Determined, ethical","Law, justice, legal matters","Fairness, rule of law","Lawyers, legal professionals","Uses legal hashtags, mentions courts","Shares legal opinions, court rulings","Posts legal articles, court documents","Engages with legal debates, legislation changes","Based in Washington, D.C., uses legal language"
Wendy,Johnson,@WendyJ_RealEstate,Real Estate Agent üè° | Finding your dream home,1982-03-28,"Atlanta, Georgia","Friendly, persuasive","Determined, reliable","Real estate, homes, investment","Ownership, community","Homebuyers, property investors","Uses real estate hashtags, mentions listings","Shares property listings, market insights","Posts home photos, virtual tours","Engages with housing trends, local events","Based in Atlanta, uses real estate language"
Xavier,Rodriguez,@XavierR_Filmmaker,Filmmaker üé• | Telling stories through the lens,1977-08-22,"Hollywood, California","Creative, cinematic","Artistic, visionary","Filmmaking, cinema, storytelling","Expression, creativity","Filmmakers, moviegoers","Uses film hashtags, mentions actors","Shares film trailers, behind-the-scenes looks","Posts film stills, set photos","Engages with film festivals, movie releases","Based in Hollywood, uses cinematic language"
Yasmine,Baker,@YasmineB_Dance,Dancer üíÉ | Expression in motion,1997-01-12,"New York, New York","Graceful, expressive","Elegant, passionate","Dance, ballet, performance","Art, passion","Dancers, art enthusiasts","Uses dance hashtags, mentions troupes","Shares dance performances, choreography","Posts dance photos, rehearsal clips","Engages with dance shows, auditions","Based in New York, uses dance language"
Zachary,Wong,@ZachW_Tech,Tech Guru üì± | Your guide to the digital age,1989-05-15,"Silicon Valley, California","Informal, informative","Insightful, innovative","Technology, gadgets, innovation","Progress, efficiency","Tech enthusiasts, gadget lovers","Uses tech hashtags, mentions companies","Shares gadget reviews, tech tutorials","Posts tech photos, unboxing videos","Engages with tech launches, digital trends","Based in Silicon Valley, uses tech language"
Alice,McDonald,@AliceM_Art,Artist üé® | Painting life's colors,1987-04-20,"Vancouver, Canada","Expressive, vibrant","Creative, intuitive","Art, painting, exhibitions","Beauty, emotion","Art lovers, painters","Uses art hashtags, mentions galleries","Shares art pieces, exhibition dates","Posts painting photos, studio snapshots","Engages with art fairs, fellow artists","Based in Vancouver, uses artistic language"
Benjamin,Thompson,@BenT_Fishing,Fishing Enthusiast üé£ | Catch of the day,1963-12-01,"Adelaide, Australia","Casual, engaging","Relaxed, adventurous","Fishing, outdoors, nature","Sport, tranquility","Fishing community, outdoorsy people","Uses fishing hashtags, mentions spots","Shares fishing tips, catch photos","Posts fishing gear, scenic lakes","Engages with fishing contests, nature lovers","Based in Adelaide, uses fishing lingo"
Charlotte,O'Brien,@CharlotteO_Rugby,Rugby Player üèâ | On the field and loving it,1990-02-05,"Dublin, Ireland","Energetic, sporty","Competitive, team-spirited","Rugby, sports, fitness","Strength, teamwork","Rugby fans, athletes","Uses rugby hashtags, mentions teammates","Shares game highlights, training routines","Posts action shots, game schedules","Engages with rugby leagues, sports events","Based in Dublin, uses sports language"
Dylan,Williams,@DylanW_Hiking,Hiker ü•æ | Exploring new trails,1975-08-10,"Wellington, New Zealand","Adventurous, descriptive","Bold, nature-loving","Hiking, nature, exploration","Adventure, discovery","Hikers, nature enthusiasts","Uses hiking hashtags, mentions trails","Shares hiking guides, trail photos","Posts equipment, breathtaking views","Engages with outdoor activities, exploration","Based in Wellington, uses hiking terminology"
Emily,Watson,@EmilyW_Green,Environmental Advocate üåç | For a greener future,1998-06-15,"London, U.K.","Passionate, articulate","Determined, eco-conscious","Environment, sustainability, climate","Responsibility, preservation","Environmentalist, green community","Uses eco hashtags, mentions organizations","Shares green tips, environmental news","Posts eco-friendly products, nature scenes","Engages with climate policies, sustainable living","Based in London, uses environmental language"
Fiona,Miller,@FionaM_Tea,Tea Connoisseur ‚òï | Sip back and relax,1965-03-30,"Edinburgh, Scotland","Elegant, warm","Cultured, comforting","Tea, culture, history","Tradition, relaxation","Tea lovers, historians","Uses tea hashtags, mentions varieties","Shares tea reviews, brewing tips","Posts tea sets, tea garden photos","Engages with tea festivals, cultural traditions","Based in Edinburgh, uses tea language"
George,Taylor,@GeorgeT_Astronomy,Astronomer üî≠ | Exploring the stars,1982-11-25,"Toronto, Canada","Intellectual, imaginative","Curious, exploratory","Astronomy, science, cosmos","Discovery, wonder","Astronomers, space enthusiasts","Uses astronomy hashtags, mentions observatories","Shares space news, astronomical events","Posts telescope images, night skies","Engages with space missions, scientific discoveries","Based in Toronto, uses astronomical language"
Hannah,Davis,@HannahD_Fashion,Fashionista üíÉ | Dressing in style,1994-07-15,"Sydney, Australia","Stylish, trendy","Chic, glamorous","Fashion, design, lifestyle","Elegance, creativity","Fashion lovers, designers","Uses fashion hashtags, mentions brands","Shares outfit ideas, fashion shows","Posts selfies, runway models","Engages with fashion weeks, style trends","Based in Sydney, uses fashion lingo"
Ian,Sullivan,@IanS_Cricket,Cricket Fan üèè | It's more than a game,1970-05-20,"Manchester, U.K.","Passionate, analytical","Sporty, strategic","Cricket, sports, commentary","Competition, camaraderie","Cricket fans, sportscasters","Uses cricket hashtags, mentions players","Shares game analyses, match schedules","Posts game clips, cricket grounds","Engages with cricket leagues, sporting events","Based in Manchester, uses cricket language"
Jessica,Walker,@JessicaW_Health,Health Coach üí™ | Nourish your body and soul,1980-01-05,"Auckland, New Zealand","Motivational, informed","Empowering, holistic","Health, nutrition, fitness","Wellness, balance","Health seekers, wellness professionals","Uses health hashtags, mentions clients","Shares fitness routines, nutrition plans","Posts workout photos, healthy meals","Engages with wellness trends, fitness challenges","Based in Auckland, uses health language"
Alice,Brown,@AliceB_Wine,Wine Enthusiast üç∑ | Uncorking the finest flavors,1976-01-20,"Melbourne, Australia","Sophisticated, refined","Passionate, knowledgeable","Wine, wineries, food pairing","Enjoyment, sophistication","Wine lovers, sommeliers","Uses wine hashtags, mentions wineries","Shares wine reviews, pairing suggestions","Posts wine photos, vineyard vistas","Engages with wine tastings, vineyard tours","Based in Melbourne, uses wine terminology"
Benjamin,Thompson,@BenjaminT_IceHockey,Ice Hockey Player üèí | Skating towards victory,1992-02-19,"Toronto, Canada","Energetic, enthusiastic","Sporty, competitive","Ice hockey, sports, fitness","Victory, team spirit","Sports fans, athletes","Uses sports hashtags, mentions teams","Shares game highlights, training updates","Posts game photos, action shots","Engages with hockey games, team updates","Based in Toronto, uses ice hockey lingo"
Christine,Davis,@ChristineD_Teach,Educator üçé | Igniting young minds,1980-03-25,"Belfast, Northern Ireland","Warm, instructive","Nurturing, dedicated","Education, teaching, learning","Knowledge, growth","Parents, educators","Uses education hashtags, mentions schools","Shares teaching resources, educational insights","Posts classroom photos, student artwork","Engages with educational policies, teacher forums","Based in Belfast, uses educational language"
Danny,Miller,@DannyM_Football,Football Fan ‚öΩ | All about the beautiful game,1985-04-22,"London, United Kingdom","Excited, passionate","Sporty, loyal","Football, sports, fandom","Passion, camaraderie","Football fans, sports commentators","Uses football hashtags, mentions clubs","Shares match predictions, player analyses","Posts game photos, fan moments","Engages with football matches, sports news","Based in London, uses football language"
Eva,Kelly,@EvaK_Environment,Environmental Activist üåç | Defending our planet,1995-05-15,"Wellington, New Zealand","Concerned, motivational","Passionate, committed","Environment, sustainability, activism","Conservation, responsibility","Activists, eco-conscious individuals","Uses environmental hashtags, mentions NGOs","Shares environmental news, conservation tips","Posts nature photos, protest images","Engages with climate strikes, environmental policies","Based in Wellington, uses environmental language"
Frank,Williams,@FrankW_Fishing,Angler üé£ | Reeling in the big ones,1965-06-30,"Halifax, Canada","Laid-back, detailed","Patient, observant","Fishing, outdoors, nature","Serenity, patience","Fishers, outdoor enthusiasts","Uses fishing hashtags, mentions species","Shares fishing stories, gear reviews","Posts fishing photos, scenic views","Engages with fishing tournaments, outdoor activities","Based in Halifax, uses fishing terms"
Gina,Harris,@GinaH_Art,Artist üé® | Painting the world in color,1989-07-11,"Sydney, Australia","Expressive, vivid","Creative, sensitive","Art, painting, creativity","Expression, beauty","Artists, art enthusiasts","Uses art hashtags, mentions galleries","Shares artwork, creative process","Posts art photos, studio snapshots","Engages with art exhibitions, creative challenges","Based in Sydney, uses artistic language"
Henry,Baker,@HenryB_Cricket,Cricket Commentator üèè | The voice of the game,1974-08-02,"Manchester, United Kingdom","Formal, excited","Analytical, dedicated","Cricket, sports, commentary","Strategy, performance","Cricket fans, sports broadcasters","Uses cricket hashtags, mentions teams","Shares match summaries, player statistics","Posts game photos, commentator booth views","Engages with cricket matches, player interviews","Based in Manchester, uses cricket terminology"
Irene,Turner,@IreneT_Nature,Nature Lover üå≥ | Exploring the great outdoors,1997-09-03,"Vancouver, Canada","Serene, enthusiastic","Curious, appreciative","Nature, outdoors, hiking","Adventure, tranquility","Nature enthusiasts, hikers","Uses nature hashtags, mentions parks","Shares hiking routes, nature facts","Posts nature photos, hiking selfies","Engages with nature conservation, hiking communities","Based in Vancouver, uses nature language"
Jack,Adams,@JackA_Rugby,"Rugby Player üèâ | Scoring tries, making memories",1990-10-07,"Auckland, New Zealand","Passionate, competitive","Sporty, team-oriented","Rugby, sports, fitness","Victory, teamwork","Sports fans, athletes","Uses sports hashtags, mentions teams","Shares game highlights, training updates","Posts game photos, team gatherings","Engages with rugby games, team updates","Based in Auckland, uses rugby lingo"
Alan,Murphy,@AlanM_Soccer,Soccer Coach ‚öΩ | Building champions on and off the field,1972-11-03,"Dublin, Ireland","Inspirational, sporty","Motivating, disciplined","Soccer, coaching, fitness","Teamwork, excellence","Players, sports fans","Uses soccer hashtags, mentions clubs","Shares coaching insights, match highlights","Posts team photos, trophy wins","Engages with soccer matches, training camps","Based in Dublin, uses soccer language"
Bethany,Clarkson,@BethanyC_Weather,Meteorologist ‚òÄÔ∏è | Your forecast friend,1988-04-20,"Sydney, Australia","Clear, informative","Analytical, friendly","Weather, climate, meteorology","Safety, awareness","Weather enthusiasts, outdoor lovers","Uses weather hashtags, mentions stations","Shares weather forecasts, climate news","Posts weather maps, storm photos","Engages with weather events, climate studies","Based in Sydney, uses meteorological terms"
Charles,Lafayette,@CharlesL_Jazz,Jazz Musician üé∫ | Grooving to life's rhythm,1956-06-15,"New Orleans, USA","Smooth, soulful","Creative, nostalgic","Jazz, music, performance","Rhythm, expression","Music fans, jazz enthusiasts","Uses jazz hashtags, mentions venues","Shares performance dates, jazz classics","Posts music clips, vintage instruments","Engages with jazz festivals, music history","Based in New Orleans, uses jazz terminology"
Deborah,Harrison,@DeborahH_Art,Painter üé® | Capturing beauty in every stroke,1963-12-30,"London, UK","Artistic, reflective","Inspiring, imaginative","Art, painting, galleries","Beauty, creativity","Artists, art lovers","Uses art hashtags, mentions exhibitions","Shares paintings, art events","Posts painting progress, studio glimpses","Engages with art shows, artistic techniques","Based in London, uses artistic language"
Eleanor,Watson,@EleanorW_Health,Health Blogger üíö | Wellness warrior,1992-03-01,"Vancouver, Canada","Fresh, energetic","Educational, motivating","Health, wellness, nutrition","Well-being, self-care","Wellness seekers, fitness enthusiasts","Uses health hashtags, mentions brands","Shares wellness tips, healthy recipes","Posts workout selfies, nutritious meals","Engages with health trends, wellness events","Based in Vancouver, uses health lingo"
Finn,O'Reilly,@FinnO_Travel,Travel Blogger üåç | Exploring one place at a time,1985-07-24,"Auckland, New Zealand","Adventurous, descriptive","Curious, wanderlust","Travel, culture, exploration","Adventure, discovery","Travelers, culture enthusiasts","Uses travel hashtags, mentions destinations","Shares travel stories, local guides","Posts travel photos, cultural insights","Engages with travel news, fellow explorers","Based in Auckland, uses travel language"
Grace,Williams,@GraceW_Fashion,Fashion Designer üëó | Tailoring elegance,1979-09-08,"Milan, Italy","Chic, professional","Stylish, innovative","Fashion, design, haute couture","Elegance, creativity","Fashionistas, models","Uses fashion hashtags, mentions designers","Shares fashion sketches, runway looks","Posts behind-the-scenes, fashion events","Engages with fashion weeks, style trends","Based in Milan, uses fashion terminology"
Henry,Thompson,@HenryT_CryptoUK,Crypto Analyst ‚Çø | Unraveling the digital economy,1984-01-15,"Manchester, UK","Analytical, tech-savvy","Insightful, strategic","Cryptocurrency, finance, tech","Investment, future","Crypto investors, finance experts","Uses crypto hashtags, mentions markets","Shares crypto analyses, financial insights","Posts market charts, investment opportunities","Engages with crypto news, economic forecasts","Based in Manchester, uses financial language"
Isla,MacDonald,@IslaM_Education,Educator üéì | Shaping future leaders,1960-11-12,"Edinburgh, Scotland","Educational, nurturing","Inspiring, dedicated","Education, learning, growth","Knowledge, empowerment","Students, educators","Uses education hashtags, mentions schools","Shares educational resources, teaching strategies","Posts classroom activities, student achievements","Engages with educational policies, learning trends","Based in Edinburgh, uses educational terms"
Jack,Nguyen,@JackN_Physics,Physicist üß™ | Understanding the universe,1982-05-27,"Toronto, Canada","Intellectual, scientific","Inquisitive, methodical","Physics, science, research","Discovery, curiosity","Scientists, researchers","Uses physics hashtags, mentions universities","Shares scientific discoveries, research papers","Posts lab experiments, physics equations","Engages with scientific conferences, new theories","Based in Toronto, uses scientific terminology"
Olivia,Smith,@OliviaS_Books,Book Lover üìö | Exploring worlds one page at a time,1990-02-15,"Seattle, Washington","Imaginative, literary","Thoughtful, curious","Books, literature, reading","Escape, knowledge","Readers, authors","Uses book hashtags, mentions authors","Shares book reviews, reading lists","Posts book quotes, reading spots","Engages with book clubs, literary events","Based in Seattle, uses literary language"
Nathan,Brown,@NathanB_Sports,Sports Analyst üèà | Your game day guru,1975-08-11,"Chicago, Illinois","Energetic, competitive","Analytical, fanatical","Sports, analysis, commentary","Competition, excitement","Sports fans, athletes","Uses sports hashtags, mentions teams","Shares game analyses, predictions","Posts game highlights, player stats","Engages with games, sports debates","Based in Chicago, uses sports terminology"
Madison,Johnson,@MadisonJ_Health,Fitness Trainer üí™ | Transforming lives through fitness,1986-06-09,"Miami, Florida","Motivating, fit","Encouraging, determined","Fitness, training, health","Strength, wellness","Fitness enthusiasts, trainees","Uses fitness hashtags, mentions gyms","Shares workout plans, health tips","Posts workout videos, transformation pics","Engages with fitness challenges, health trends","Based in Miami, uses fitness language"
Liam,Davis,@LiamD_Photography,Photographer üì∑ | Capturing life's magical moments,1992-03-20,"San Francisco, California","Creative, visual","Artistic, passionate","Photography, art, visuals","Beauty, expression","Photographers, art lovers","Uses photo hashtags, mentions models","Shares photo shoots, photography tips","Posts snapshots, camera gear","Engages with photo contests, art galleries","Based in San Francisco, uses photography terms"
Emily,Taylor,@EmilyT_Gaming,Gamer üéÆ | Living in virtual worlds,2000-12-10,"Austin, Texas","Energetic, fun","Competitive, skilled","Gaming, esports, entertainment","Challenge, adventure","Gamers, game developers","Uses gaming hashtags, mentions games","Shares gameplays, live streams","Posts game reviews, gaming setups","Engages with gaming events, online matches","Based in Austin, uses gaming lingo"
Alexander,Miller,@AlexM_Finance,Financial Expert üíµ | Making cents of the dollars,1970-05-18,"New York, New York","Professional, wise","Analytical, strategic","Finance, economy, investment","Wealth, success","Investors, business professionals","Uses finance hashtags, mentions firms","Shares market analyses, investment tips","Posts financial graphs, investment news","Engages with market trends, economic policies","Based in New York, uses financial terms"
Isabella,Martinez,@IsabellaM_Yoga,"Yoga Instructor üßò | Mind, body, and spirit wellness",1982-04-01,"Los Angeles, California","Calm, spiritual","Balanced, inspiring","Yoga, mindfulness, wellness","Harmony, peace","Yogis, wellness seekers","Uses yoga hashtags, mentions studios","Shares yoga sequences, meditation guides","Posts yoga poses, wellness quotes","Engages with wellness retreats, mindful practices","Based in Los Angeles, uses yoga language"
Ethan,Anderson,@EthanA_Agri,Farmer üåΩ | From farm to fork with love,1963-07-03,"Omaha, Nebraska","Earthy, practical","Hardworking, sincere","Agriculture, farming, sustainability","Growth, nature","Farmers, food enthusiasts","Uses agriculture hashtags, mentions crops","Shares farming insights, harvest updates","Posts farm scenes, machinery","Engages with farming communities, agri events","Based in Omaha, uses farming terminology"
Sophia,Hernandez,@SophiaH_Cooking,Chef üë©‚Äçüç≥ | A pinch of love in every dish,1978-01-22,"New Orleans, Louisiana","Savory, tasty","Creative, adventurous","Cooking, food, flavor","Taste, joy","Food lovers, home cooks","Uses cooking hashtags, mentions ingredients","Shares recipes, cooking tips","Posts dish photos, cooking shows","Engages with food festivals, culinary schools","Based in New Orleans, uses culinary language"
Michael,Lee,@MichaelL_Eco,Environmentalist üå≤ | For a greener tomorrow,1985-09-29,"Portland, Oregon","Green, conscious","Caring, visionary","Environment, ecology, sustainability","Nature, protection","Eco-warriors, nature lovers","Uses eco hashtags, mentions organizations","Shares environmental news, eco tips","Posts nature photos, eco-friendly products","Engages with climate actions, conservation events","Based in Portland, uses environmental terms"
Jennifer,Smith,@JennSmith_Coffee,Coffee Connoisseur ‚òï | Brewing perfect mornings,1990-10-21,"Seattle, Washington","Inviting, warm","Passionate, detailed","Coffee, brewing, cafes","Taste, relaxation","Coffee lovers, baristas","Uses coffee hashtags, mentions coffee brands","Shares coffee facts, brewing techniques","Posts coffee photos, cafe visits","Engages with coffee tastings, barista championships","Based in Seattle, uses coffee-related language"
Michael,Brown,@MikeBrown_Sports,Sports Analyst üèà | Breaking down the game,1983-02-18,"Dallas, Texas","Analytical, energetic","Passionate, knowledgeable","Sports, analysis, football","Competition, strategy","Sports fans, athletes","Uses sports hashtags, mentions teams","Shares game analysis, player stats","Posts game highlights, player interviews","Engages with sports debates, games","Based in Dallas, uses sports language"
Nicole,Johnson,@NicoleJ_Books,Book Blogger üìö | Journeying through pages,1987-03-04,"New York, New York","Expressive, thoughtful","Imaginative, insightful","Books, literature, writing","Storytelling, exploration","Bookworms, authors","Uses book hashtags, mentions authors","Shares book reviews, reading lists","Posts book quotes, reading spots","Engages with book clubs, author Q&As","Based in New York, uses literary language"
Oscar,Gonzalez,@OscarG_Cars,Car Enthusiast üèéÔ∏è | Life in the fast lane,1976-07-11,"Detroit, Michigan","Exciting, technical","Passionate, adventurous","Cars, mechanics, racing","Speed, craftsmanship","Car enthusiasts, mechanics","Uses car hashtags, mentions car brands","Shares car news, model reviews","Posts car photos, race videos","Engages with car shows, races","Based in Detroit, uses car-related language"
Patricia,Williams,@PattyW_Photography,Photographer üì∏ | Capturing life's moments,1980-06-30,"Los Angeles, California","Visual, creative","Observant, artistic","Photography, travel, nature","Beauty, emotion","Photographers, art lovers","Uses photography hashtags, mentions exhibitions","Shares photos, editing tips","Posts behind-the-lens photos, gallery exhibitions","Engages with photo challenges, art festivals","Based in Los Angeles, uses photography language"
Quentin,Taylor,@QuentinT_Astronomy,Astronomer üî≠ | Exploring the cosmos,1968-08-20,"Houston, Texas","Intellectual, curious","Inquisitive, enthusiastic","Astronomy, science, space","Discovery, wonder","Astronomers, science enthusiasts","Uses astronomy hashtags, mentions space agencies","Shares space news, star gazing tips","Posts star photos, celestial charts","Engages with space missions, astronomical discoveries","Based in Houston, uses astronomical language"
Rebecca,Anderson,@RebeccaA_Chef,Chef üë©‚Äçüç≥ | Creating culinary magic,1975-09-17,"San Francisco, California","Appetizing, professional","Innovative, precise","Cooking, food, restaurants","Taste, creativity","Foodies, chefs","Uses food hashtags, mentions ingredients","Shares recipes, cooking tips","Posts dish photos, kitchen snaps","Engages with cooking competitions, food festivals","Based in San Francisco, uses culinary language"
Samuel,Martinez,@SamMartinez_Music,Musician üéµ | Making music come alive,1981-12-25,"Nashville, Tennessee","Melodic, inspiring","Passionate, creative","Music, songwriting, performances","Expression, harmony","Music fans, musicians","Uses music hashtags, mentions music festivals","Shares song releases, gig dates","Posts performance clips, backstage snaps","Engages with music festivals, jam sessions","Based in Nashville, uses musical language"
Taylor,White,@TaylorW_Eco,Eco Activist üåç | Championing a greener future,1995-01-12,"Portland, Oregon","Passionate, informative","Committed, optimistic","Environment, activism, sustainability","Preservation, responsibility","Environmentalist, eco-conscious individuals","Uses eco hashtags, mentions organizations","Shares environmental news, eco tips","Posts nature photos, rally shots","Engages with climate protests, green initiatives","Based in Portland, uses environmental language"
Ulysses,King,@UlyssesK_Games,Gamer üéÆ | Leveling up life,1998-05-31,"Austin, Texas","Fun, engaging","Competitive, imaginative","Gaming, esports, video games","Adventure, strategy","Gamers, game developers","Uses gaming hashtags, mentions game brands","Shares game reviews, walkthroughs","Posts game clips, leaderboard standings","Engages with game launches, gaming conventions","Based in Austin, uses gaming language"
Lisa,Smith,@LisaS_Wellness,"Wellness Guru üßò‚Äç‚ôÄÔ∏è | Mind, Body, Spirit Harmony",1986-02-05,"San Francisco, California","Mindful, holistic","Caring, inspiring","Wellness, meditation, yoga","Balance, harmony","Wellness enthusiasts, yogis","Uses wellness hashtags, mentions retreats","Shares meditation guides, wellness tips","Posts yoga poses, spiritual quotes","Engages with wellness workshops, mindfulness practices","Based in San Francisco, uses holistic language"
Mark,Johnson,@MarkJ_Baseball,Baseball Fanatic ‚öæ | Life's a Pitch!,1995-10-12,"Chicago, Illinois","Sporty, enthusiastic","Passionate, loyal","Baseball, sports, games","Competition, teamwork","Sports fans, baseball players","Uses baseball hashtags, mentions teams","Shares game highlights, player stats","Posts stadium photos, fan memorabilia","Engages with games, player trades","Based in Chicago, uses baseball terminology"
Nancy,Adams,@NancyA_Books,Book Lover üìö | Lost in Literature,1970-05-17,"Austin, Texas","Literary, thoughtful","Analytical, imaginative","Books, literature, reading","Escape, learning","Readers, writers","Uses literary hashtags, mentions authors","Shares book reviews, reading lists","Posts book covers, reading spots","Engages with book clubs, author events","Based in Austin, uses literary language"
Oliver,Young,@OliverY_Finance,Financial Advisor üíµ | Your Money's Best Friend,1963-08-30,"New York, New York","Professional, knowledgeable","Trustworthy, strategic","Finance, investments, planning","Wealth, security","Investors, financial seekers","Uses finance hashtags, mentions markets","Shares financial advice, market trends","Posts investment graphs, financial news","Engages with economic events, stock changes","Based in New York, uses financial language"
Paula,Roberts,@PaulaR_Pets,Animal Lover üê∂ | Furry Friends Forever,1991-03-22,"Denver, Colorado","Loving, empathetic","Caring, compassionate","Animals, pets, adoption","Love, companionship","Pet owners, animal lovers","Uses pet hashtags, mentions shelters","Shares pet care tips, adoption stories","Posts pet photos, rescue events","Engages with pet shows, animal welfare","Based in Denver, uses animal-friendly language"
Quincy,Jones,@QuincyJ_Gaming,Gamer üéÆ | Conquering Virtual Worlds,2002-11-05,"Los Angeles, California","Competitive, fun-loving","Skilled, entertaining","Gaming, eSports, streams","Victory, enjoyment","Gamers, streaming fans","Uses gaming hashtags, mentions titles","Shares gameplay videos, gaming news","Posts game screenshots, livestreams","Engages with gaming tournaments, new releases","Based in Los Angeles, uses gaming language"
Rebecca,Lee,@RebeccaL_Enviro,Environmental Activist üå± | Earth's Steward,1980-04-28,"Seattle, Washington","Passionate, informed","Committed, proactive","Environment, sustainability, activism","Preservation, conservation","Activists, eco-friendly individuals","Uses environment hashtags, mentions organizations","Shares eco-tips, conservation news","Posts nature photos, sustainable products","Engages with climate rallies, eco initiatives","Based in Seattle, uses environmental language"
Samuel,Taylor,@SamT_Cars,Car Enthusiast üöó | Life in the Fast Lane,1975-09-11,"Detroit, Michigan","Mechanical, adventurous","Passionate, knowledgeable","Cars, mechanics, racing","Speed, craftsmanship","Car lovers, mechanics","Uses car hashtags, mentions brands","Shares car reviews, mechanical tips","Posts car photos, race events","Engages with auto shows, car launches","Based in Detroit, uses automotive language"
Tracy,Wright,@TracyW_Politics,Political Analyst üó≥Ô∏è | Democracy in Action,1968-01-07,"Washington, D.C.","Analytical, opinionated","Informed, engaged","Politics, governance, policy","Democracy, debate","Politicians, political enthusiasts","Uses political hashtags, mentions officials","Shares political analyses, election updates","Posts political cartoons, legislative news","Engages with political events, government actions","Based in Washington, D.C., uses political language"
Victor,Perez,@VictorP_Chef,Chef üç≥ | Flavor Explorer,1982-12-15,"Miami, Florida","Culinary, creative","Passionate, experimental","Cooking, cuisine, flavors","Taste, artistry","Foodies, culinary enthusiasts","Uses culinary hashtags, mentions dishes","Shares recipes, cooking techniques","Posts dish photos, kitchen adventures","Engages with food festivals, culinary contests","Based in Miami, uses culinary language"
Oliver,Smith,@OliverS_Gaming,Gamer üéÆ | Leveling up in life and games,1998-02-15,"Austin, Texas","Fun, competitive","Energetic, strategic","Gaming, eSports, streaming","Challenges, entertainment","Gamers, streamers","Uses gaming hashtags, mentions game titles","Shares gaming strategies, live streams","Posts game clips, high scores","Engages with gaming tournaments, updates","Based in Austin, uses gaming language"
Madison,Taylor,@MadisonT_Fitness,Fitness Instructor üí™ | Health is wealth,1987-06-08,"Miami, Florida","Vibrant, energetic","Motivating, disciplined","Fitness, health, training","Well-being, strength","Fitness enthusiasts, athletes","Uses fitness hashtags, mentions gyms","Shares workout plans, healthy recipes","Posts workout selfies, client transformations","Engages with fitness trends, health awareness","Based in Miami, uses fitness terminology"
Liam,Johnson,@LiamJ_Aviation,Pilot ‚úàÔ∏è | Sky's the limit,1970-10-01,"Denver, Colorado","Professional, adventurous","Skilled, free-spirited","Aviation, flying, aircraft","Freedom, exploration","Pilots, aviation fans","Uses aviation hashtags, mentions airlines","Shares flying experiences, aviation news","Posts cockpit views, airplane images","Engages with air shows, flight training","Based in Denver, uses aviation language"
Emily,Brown,@EmilyB_Green,Environmentalist üåø | Earth's best friend,1992-11-20,"Portland, Oregon","Caring, conscious","Committed, passionate","Environment, sustainability, nature","Conservation, responsibility","Eco-warriors, nature lovers","Uses eco-friendly hashtags, mentions initiatives","Shares environmental tips, nature conservation","Posts nature photos, sustainable products","Engages with eco-events, climate policies","Based in Portland, uses environmental terms"
Benjamin,Wilson,@BenW_Politics,Political Analyst üèõÔ∏è | Democracy in action,1965-03-15,"Washington, D.C.","Analytical, eloquent","Objective, insightful","Politics, government, policy","Democracy, governance","Politicians, political enthusiasts","Uses political hashtags, mentions leaders","Shares political analyses, election updates","Posts political cartoons, opinion pieces","Engages with political events, legislation","Based in Washington, D.C., uses political language"
Ava,Thompson,@AvaT_Author,Author üìö | Weaving words into worlds,1978-08-25,"New York, New York","Creative, introspective","Imaginative, articulate","Writing, literature, storytelling","Expression, creativity","Readers, fellow authors","Uses literary hashtags, mentions bookstores","Shares writing insights, book releases","Posts book covers, literary quotes","Engages with book fairs, writing communities","Based in New York, uses literary language"
James,Roberts,@JamesR_Fishing,Fishing Enthusiast üé£ | Hooked on life,1950-04-10,"Anchorage, Alaska","Calm, patient","Experienced, thoughtful","Fishing, nature, relaxation","Tranquility, connection","Fishermen, outdoor lovers","Uses fishing hashtags, mentions equipment","Shares fishing tales, big catches","Posts fishing spots, equipment","Engages with fishing contests, seasonal catches","Based in Anchorage, uses fishing terminology"
Isabella,Lee,@IsabellaL_Tech,Tech Innovator üíª | Coding tomorrow today,1986-05-17,"San Francisco, California","Innovative, tech-savvy","Driven, forward-thinking","Technology, coding, startups","Innovation, future","Techies, entrepreneurs","Uses tech hashtags, mentions startups","Shares tech insights, coding tutorials","Posts tech events, innovation ideas","Engages with tech conferences, emerging trends","Based in San Francisco, uses tech language"
Jacob,Hall,@JacobH_Medicine,Surgeon üè• | Healing with precision,1972-01-29,"Chicago, Illinois","Skilled, compassionate","Dedicated, meticulous","Medicine, surgery, healthcare","Healing, care","Medical professionals, patients","Uses medical hashtags, mentions hospitals","Shares medical insights, surgery techniques","Posts medical articles, patient stories","Engages with medical conferences, health awareness","Based in Chicago, uses medical terminology"
Charlotte,King,@CharlotteK_Farm,Farmer üåΩ | Growing nature's bounty,1980-09-03,"Lincoln, Nebraska","Down-to-earth, hardworking","Committed, nurturing","Farming, agriculture, food","Sustainability, nourishment","Farmers, food consumers","Uses farming hashtags, mentions crops","Shares farming tips, harvest updates","Posts farm scenes, seasonal produce","Engages with farming communities, agricultural fairs","Based in Lincoln, uses farming language"
Lisa,Martin,@LisaM_Fitness,Fitness Trainer üí™ | Your path to a healthier you,1988-11-25,"Miami, Florida","Energetic, motivating","Inspiring, disciplined","Fitness, wellness, exercise","Health, transformation","Fitness enthusiasts, gym-goers","Uses fitness hashtags, mentions gyms","Shares workout plans, health tips","Posts exercise videos, success stories","Engages with fitness challenges, wellness brands","Based in Miami, uses fitness language"
Mark,Robinson,@MarkR_Books,Author üìö | Weaving words into worlds,1975-06-05,"Portland, Oregon","Thoughtful, creative","Imaginative, literary","Writing, books, literature","Storytelling, creativity","Readers, writers","Uses literary hashtags, mentions publishers","Shares book excerpts, writing advice","Posts book covers, author interviews","Engages with book releases, literary events","Based in Portland, uses literary language"
Nina,Watson,@NinaW_Photography,Photographer üì∏ | Capturing moments in time,1990-04-17,"New York, New York","Artistic, observant","Creative, detailed","Photography, art, portraits","Beauty, memories","Photographers, art lovers","Uses photography hashtags, mentions models","Shares photo shoots, camera tips","Posts beautiful images, editing techniques","Engages with art exhibitions, photography contests","Based in New York, uses photography language"
Oscar,Hernandez,@OscarH_Gaming,Gamer üéÆ | Leveling up one game at a time,2000-12-10,"Los Angeles, California","Exciting, competitive","Passionate, skillful","Gaming, esports, streaming","Entertainment, achievement","Gamers, streamers","Uses gaming hashtags, mentions developers","Shares game reviews, streaming schedules","Posts gameplay clips, game achievements","Engages with gaming events, new releases","Based in Los Angeles, uses gaming terminology"
Paula,Davis,@PaulaD_Gardening,Gardener üåª | Growing beauty every day,1955-03-28,"Austin, Texas","Caring, patient","Nurturing, earthy","Gardening, plants, nature","Growth, sustainability","Gardeners, nature enthusiasts","Uses gardening hashtags, mentions nurseries","Shares gardening tips, flower photos","Posts garden progress, plant care guides","Engages with gardening shows, local farmers","Based in Austin, uses gardening language"
Quincy,Smith,@QuincyS_Startups,Entrepreneur üíº | Building the future,1982-10-15,"San Francisco, California","Innovative, ambitious","Driven, visionary","Startups, business, innovation","Success, leadership","Entrepreneurs, investors","Uses business hashtags, mentions startups","Shares business insights, success stories","Posts company updates, industry news","Engages with business conferences, investment trends","Based in San Francisco, uses business language"
Rachel,Kim,@RachelK_Music,Musician üéµ | Melodies from the heart,1993-05-22,"Nashville, Tennessee","Melodic, soulful","Expressive, emotional","Music, songs, composition","Passion, expression","Music fans, musicians","Uses music hashtags, mentions venues","Shares song lyrics, concert dates","Posts music clips, studio sessions","Engages with music festivals, fan requests","Based in Nashville, uses musical language"
Samuel,Johnson,@SamJ_Cars,Car Enthusiast üöó | Revving up car culture,1970-09-07,"Detroit, Michigan","Adventurous, technical","Passionate, knowledgeable","Cars, engines, driving","Speed, mechanics","Car lovers, mechanics","Uses car hashtags, mentions brands","Shares car reviews, driving tips","Posts car photos, engine upgrades","Engages with car shows, racing events","Based in Detroit, uses automotive language"
Tony,Williams,@TonyW_Chef,Chef üë®‚Äçüç≥ | Cooking up a storm,1968-02-10,"Chicago, Illinois","Savory, enthusiastic","Delicious, adventurous","Food, cuisine, recipes","Taste, creativity","Food lovers, chefs","Uses food hashtags, mentions restaurants","Shares recipes, cooking techniques","Posts food photos, culinary creations","Engages with culinary trends, food festivals","Based in Chicago, uses culinary language"
Vanessa,Parker,@VanessaP_Environment,Environmental Activist üå≤ | Saving the planet one step at a time,1987-01-15,"Seattle, Washington","Passionate, determined","Inspiring, responsible","Environment, sustainability, nature","Conservation, awareness","Activists, nature lovers","Uses environmental hashtags, mentions organizations","Shares environmental news, eco-friendly tips","Posts nature photos, climate marches","Engages with environmental policies, green initiatives","Based in Seattle, uses environmental language"
Olivia,Smith,@OliviaS_Fitness,Fitness Trainer üí™ | Your journey to a healthier you,1987-03-05,"Miami, Florida","Energetic, motivational","Positive, disciplined","Fitness, health, wellness","Transformation, strength","Fitness enthusiasts, gym-goers","Uses fitness hashtags, mentions gyms","Shares workout routines, health tips","Posts gym selfies, fitness milestones","Engages with fitness challenges, health trends","Based in Miami, uses fitness language"
Nathan,Johnson,@NathanJ_Gaming,Gamer üéÆ | Winning one game at a time,1999-12-18,"Seattle, Washington","Competitive, fun-loving","Creative, strategic","Gaming, esports, entertainment","Victory, skill","Gamers, streamers","Uses gaming hashtags, mentions developers","Shares game highlights, streaming schedule","Posts gameplay clips, gaming equipment","Engages with game releases, tournaments","Based in Seattle, uses gaming terms"
Molly,Davis,@MollyD_Wildlife,Wildlife Biologist üêæ | Protector of the wild,1973-10-15,"Denver, Colorado","Caring, inquisitive","Responsible, passionate","Wildlife, nature, conservation","Preservation, discovery","Environmentalists, animal lovers","Uses wildlife hashtags, mentions reserves","Shares animal sightings, conservation news","Posts wildlife photos, field studies","Engages with eco-events, nature policies","Based in Denver, uses ecological language"
Liam,Taylor,@LiamT_Startups,Startup Mentor üöÄ | Helping dreams take flight,1981-06-08,"San Francisco, California","Entrepreneurial, inspiring","Supportive, innovative","Startups, business, innovation","Growth, success","Entrepreneurs, investors","Uses startup hashtags, mentions accelerators","Shares business advice, success stories","Posts networking events, startup pitches","Engages with funding news, tech trends","Based in San Francisco, uses business terms"
Kylie,Martinez,@KylieM_Author,Author üìñ | Spinning tales and weaving words,1965-05-20,"New York, New York","Imaginative, eloquent","Artistic, thoughtful","Writing, literature, stories","Expression, creativity","Readers, writers","Uses writing hashtags, mentions publishers","Shares book releases, writing insights","Posts book excerpts, writing workshops","Engages with literary events, author interviews","Based in New York, uses literary language"
Justin,Lee,@JustinL_Racing,Race Car Driver üèéÔ∏è | Speed is my second name,1989-07-31,"Indianapolis, Indiana","Adventurous, speedy","Determined, fearless","Racing, cars, speed","Victory, adrenaline","Racing fans, adrenaline junkies","Uses racing hashtags, mentions tracks","Shares race highlights, car specs","Posts track photos, race trophies","Engages with race events, automotive news","Based in Indianapolis, uses racing language"
Isabella,Jackson,@IsabellaJ_Makeup,Makeup Artist üíÑ | Bringing beauty to life,1993-02-12,"Los Angeles, California","Creative, fashionable","Detailed, artistic","Makeup, beauty, fashion","Glamour, elegance","Beauty lovers, fashionistas","Uses beauty hashtags, mentions brands","Shares makeup tutorials, beauty reviews","Posts makeup looks, beauty events","Engages with beauty launches, fashion shows","Based in Los Angeles, uses beauty terms"